StoreId,avg(TotalDue)
6,6447.948049222455
5,6377.586875020455
8,6415.409298419374
7,6350.507603265493
1,6432.915291285749
3,6409.659905621915
9,6495.529874902584
4,6453.281847286538
10,6427.387871626853
2,6344.461689636143
